{
	"partitions" : [
		{
			"name" : "Top",
			"pins" : [
				{
					"name" : "led_high[0]",
					"strict" : false
				},
				{
					"name" : "led_high[1]",
					"strict" : false
				},
				{
					"name" : "led_low[0]",
					"strict" : false
				},
				{
					"name" : "led_low[1]",
					"strict" : false
				},
				{
					"name" : "s0",
					"strict" : false
				},
				{
					"name" : "clk",
					"strict" : false
				},
				{
					"name" : "rst_n",
					"strict" : false
				}
			]
		}
	]
}