{
	"partitions" : [
		{
			"name" : "Top",
			"pins" : [
				{
					"name" : "countMoore",
					"strict" : false
				},
				{
					"name" : "countMealy",
					"strict" : false
				},
				{
					"name" : "STATEMoore[0]",
					"strict" : false
				},
				{
					"name" : "STATEMoore[1]",
					"strict" : false
				},
				{
					"name" : "STATEMoore[2]",
					"strict" : false
				},
				{
					"name" : "STATEMealy[0]",
					"strict" : false
				},
				{
					"name" : "STATEMealy[1]",
					"strict" : false
				},
				{
					"name" : "STATEMealy[2]",
					"strict" : false
				},
				{
					"name" : "w",
					"strict" : false
				},
				{
					"name" : "clock",
					"strict" : false
				},
				{
					"name" : "rst",
					"strict" : false
				}
			]
		}
	]
}